epoch	age	generation	dup_hap	n
1	9862.529411764706	1171.235294117647	0.11764705882352941	34
2	6772.111111111111	1274.2777777777778	0.6111111111111112	36
3	4165.326086956522	1361.1739130434783	0.7608695652173914	46
4	943.7434782608696	1468.4608695652173	0.8108695652173913	460
5	0	1500	0.8245109321058688	1738
