CabecoArruda117B.readsadded.indel.softclip.bam.ready.b37 HG02886#2#JAHAOT010000031.1_87393_401061_0$HG02647.verkko_filt_pat.fa:haplotype2_0000857_103738150_104051769_0	0.5083223885590441 Allentofthg19
CabecoArruda117B.readsadded.indel.softclip.bam.ready.b37 AV_HG01361#haplotype2#0001322:101872897_102186552$HG02647.verkko_filt_pat.fa:haplotype2_0000857_103738150_104051769_0	0.5082114898363645 Allentofthg19
CabecoArruda117B.readsadded.indel.softclip.bam.ready.b37 HG03579#2#JAGYVT010000094.1_51581892_51895531_0$HG02886#2#JAHAOT010000031.1_87393_401061_0	0.5081780511412873 Allentofthg19
CabecoArruda117B.readsadded.indel.softclip.bam.ready.b37 HG02886#2#JAHAOT010000031.1_87393_401061_0$HG03710.verkko_filt_mat.fa:haplotype1_0000029_102593394_102907063_0	0.5081095730401335 Allentofthg19
CabecoArruda117B.readsadded.indel.softclip.bam.ready.b37 AV_HG01361#haplotype2#0001322:101872897_102186552$HG03579#2#JAGYVT010000094.1_51581892_51895531_0	0.5080771241695334 Allentofthg19
CabecoArruda117B.readsadded.indel.softclip.bam.ready.b37 HG02886#2#JAHAOT010000031.1_87393_401061_0$HG00733#1#JAHEPQ010000019.1_46106835_46420495_0	0.5080350933260847 Allentofthg19
CabecoArruda117B.readsadded.indel.softclip.bam.ready.b37 HG03098#2#JAHEPL010000003.1_93803759_94117426_0$HG02886#2#JAHAOT010000031.1_87393_401061_0	0.5080066925531936 Allentofthg19
CabecoArruda117B.readsadded.indel.softclip.bam.ready.b37 HG03710.verkko_filt_mat.fa:haplotype1_0000029_102593394_102907063_0$HG02647.verkko_filt_pat.fa:haplotype2_0000857_103738150_104051769_0	0.5078968156310312 Allentofthg19
CabecoArruda117B.readsadded.indel.softclip.bam.ready.b37 HG03579#2#JAGYVT010000094.1_51581892_51895531_0$HG03710.verkko_filt_mat.fa:haplotype1_0000029_102593394_102907063_0	0.5077625027331379 Allentofthg19
CabecoArruda117B.readsadded.indel.softclip.bam.ready.b37 AV_HG01361#haplotype2#0001322:101872897_102186552$HG03710.verkko_filt_mat.fa:haplotype1_0000029_102593394_102907063_0	0.5077454026555925 Allentofthg19
