CabecoArruda122A.readsadded.indel.softclip.bam.ready.b37 HG02886#2#JAHAOT010000031.1_87393_401061_0$HG02647.verkko_filt_pat.fa:haplotype2_0000857_103738150_104051769_0	0.7081311814083751 Allentofthg19
CabecoArruda122A.readsadded.indel.softclip.bam.ready.b37 HG03579#2#JAGYVT010000094.1_51581892_51895531_0$HG02886#2#JAHAOT010000031.1_87393_401061_0	0.7080360292209655 Allentofthg19
CabecoArruda122A.readsadded.indel.softclip.bam.ready.b37 HG02886#2#JAHAOT010000031.1_87393_401061_0$HG02109#2#JAHEPF010000078.1_16678387_16991144_0	0.7079031559186285 Allentofthg19
CabecoArruda122A.readsadded.indel.softclip.bam.ready.b37 AV_HG01361#haplotype2#0001322:101872897_102186552$HG02647.verkko_filt_pat.fa:haplotype2_0000857_103738150_104051769_0	0.7078917780966154 Allentofthg19
CabecoArruda122A.readsadded.indel.softclip.bam.ready.b37 AV_HG01361#haplotype2#0001322:101872897_102186552$HG03579#2#JAGYVT010000094.1_51581892_51895531_0	0.7078104920624465 Allentofthg19
CabecoArruda122A.readsadded.indel.softclip.bam.ready.b37 HG03710.verkko_filt_mat.fa:haplotype1_0000029_102593394_102907063_0$HG02647.verkko_filt_pat.fa:haplotype2_0000857_103738150_104051769_0	0.7077153649933494 Allentofthg19
CabecoArruda122A.readsadded.indel.softclip.bam.ready.b37 HG03579#2#JAGYVT010000094.1_51581892_51895531_0$HG03710.verkko_filt_mat.fa:haplotype1_0000029_102593394_102907063_0	0.7076341077686410 Allentofthg19
CabecoArruda122A.readsadded.indel.softclip.bam.ready.b37 AV_HG01361#haplotype2#0001322:101872897_102186552$HG02109#2#JAHEPF010000078.1_16678387_16991144_0	0.7074025891326823 Allentofthg19
CabecoArruda122A.readsadded.indel.softclip.bam.ready.b37 HG03098#2#JAHEPL010000003.1_93803759_94117426_0$HG02647.verkko_filt_pat.fa:haplotype2_0000857_103738150_104051769_0	0.7073506344179982 Allentofthg19
CabecoArruda122A.readsadded.indel.softclip.bam.ready.b37 HG03579#2#JAGYVT010000094.1_51581892_51895531_0$HG03098#2#JAHEPL010000003.1_93803759_94117426_0	0.7072421258350686 Allentofthg19
