CovaMoura9B.readsadded.indel.softclip.bam.ready.b37 HG03710.verkko_filt_mat.fa:haplotype1_0000029_102593394_102907063_0$HG02647.verkko_filt_pat.fa:haplotype2_0000857_103738150_104051769_0	0.7275285785486119 Allentofthg19
CovaMoura9B.readsadded.indel.softclip.bam.ready.b37 HG03098#2#JAHEPL010000003.1_93803759_94117426_0$HG02647.verkko_filt_pat.fa:haplotype2_0000857_103738150_104051769_0	0.7275039559720258 Allentofthg19
CovaMoura9B.readsadded.indel.softclip.bam.ready.b37 HG03579#2#JAGYVT010000094.1_51581892_51895531_0$HG03710.verkko_filt_mat.fa:haplotype1_0000029_102593394_102907063_0	0.7274411803784876 Allentofthg19
CovaMoura9B.readsadded.indel.softclip.bam.ready.b37 HG02886#2#JAHAOT010000031.1_87393_401061_0$HG02647.verkko_filt_pat.fa:haplotype2_0000857_103738150_104051769_0	0.7274345804561270 Allentofthg19
CovaMoura9B.readsadded.indel.softclip.bam.ready.b37 HG03579#2#JAGYVT010000094.1_51581892_51895531_0$HG03098#2#JAHEPL010000003.1_93803759_94117426_0	0.7273884707522810 Allentofthg19
CovaMoura9B.readsadded.indel.softclip.bam.ready.b37 HG03579#2#JAGYVT010000094.1_51581892_51895531_0$HG02886#2#JAHAOT010000031.1_87393_401061_0	0.7273329981143279 Allentofthg19
CovaMoura9B.readsadded.indel.softclip.bam.ready.b37 HG02886#2#JAHAOT010000031.1_87393_401061_0$HG02109#2#JAHEPF010000078.1_16678387_16991144_0	0.7270161944455884 Allentofthg19
CovaMoura9B.readsadded.indel.softclip.bam.ready.b37 AV_HG01361#haplotype2#0001322:101872897_102186552$HG02647.verkko_filt_pat.fa:haplotype2_0000857_103738150_104051769_0	0.7269273348736327 Allentofthg19
CovaMoura9B.readsadded.indel.softclip.bam.ready.b37 AV_HG01361#haplotype2#0001322:101872897_102186552$HG03579#2#JAGYVT010000094.1_51581892_51895531_0	0.7268400437393985 Allentofthg19
CovaMoura9B.readsadded.indel.softclip.bam.ready.b37 HG02109#2#JAHEPF010000078.1_16678387_16991144_0$HG03710.verkko_filt_mat.fa:haplotype1_0000029_102593394_102907063_0	0.7267433727098883 Allentofthg19
