Kennewick_defaultMap1extr.realign.md.head.rmdup HG00733#1#JAHEPQ010000019.1_46106835_46420495_0$HG02647.verkko_filt_pat.fa:haplotype2_0000857_103738150_104051769_0	0.6256042575339601 Allentofthg19
Kennewick_defaultMap1extr.realign.md.head.rmdup HG01123#2#JAGYYY010000006.1_51579630_51892388_0$HG02886#2#JAHAOT010000031.1_87393_401061_0	0.6255287186681436 Allentofthg19
Kennewick_defaultMap1extr.realign.md.head.rmdup HG03579#2#JAGYVT010000094.1_51581892_51895531_0$HG00733#1#JAHEPQ010000019.1_46106835_46420495_0	0.6254954180355353 Allentofthg19
Kennewick_defaultMap1extr.realign.md.head.rmdup HG02109#2#JAHEPF010000078.1_16678387_16991144_0$HG00733#1#JAHEPQ010000019.1_46106835_46420495_0	0.6253887130906253 Allentofthg19
Kennewick_defaultMap1extr.realign.md.head.rmdup HG01123#2#JAGYYY010000006.1_51579630_51892388_0$HG03710.verkko_filt_mat.fa:haplotype1_0000029_102593394_102907063_0	0.6253152185932932 Allentofthg19
Kennewick_defaultMap1extr.realign.md.head.rmdup HG01123#2#JAGYYY010000006.1_51579630_51892388_0$HG03098#2#JAHEPL010000003.1_93803759_94117426_0	0.6252838275859628 Allentofthg19
Kennewick_defaultMap1extr.realign.md.head.rmdup HG01123#2#JAGYYY010000006.1_51579630_51892388_0$HG02647.verkko_filt_pat.fa:haplotype2_0000857_103738150_104051769_0	0.6250836840704808 Allentofthg19
Kennewick_defaultMap1extr.realign.md.head.rmdup HG01123#2#JAGYYY010000006.1_51579630_51892388_0$HG03579#2#JAGYVT010000094.1_51581892_51895531_0	0.6249876401935213 Allentofthg19
Kennewick_defaultMap1extr.realign.md.head.rmdup HG03710.verkko_filt_mat.fa:haplotype1_0000029_102593394_102907063_0$HG02647.verkko_filt_pat.fa:haplotype2_0000857_103738150_104051769_0	0.6248830465420764 Allentofthg19
Kennewick_defaultMap1extr.realign.md.head.rmdup HG02886#2#JAHAOT010000031.1_87393_401061_0$HG02647.verkko_filt_pat.fa:haplotype2_0000857_103738150_104051769_0	0.6248638146407354 Allentofthg19
