LugarCanto41.readsadded.indel.softclip.bam.ready.b37 HG03710.verkko_filt_mat.fa:haplotype1_0000029_102593394_102907063_0$HG02647.verkko_filt_pat.fa:haplotype2_0000857_103738150_104051769_0	0.6616865924012535 Allentofthg19
LugarCanto41.readsadded.indel.softclip.bam.ready.b37 HG03579#2#JAGYVT010000094.1_51581892_51895531_0$HG03710.verkko_filt_mat.fa:haplotype1_0000029_102593394_102907063_0	0.6615710823319694 Allentofthg19
LugarCanto41.readsadded.indel.softclip.bam.ready.b37 HG03098#2#JAHEPL010000003.1_93803759_94117426_0$HG02647.verkko_filt_pat.fa:haplotype2_0000857_103738150_104051769_0	0.6614787772937328 Allentofthg19
LugarCanto41.readsadded.indel.softclip.bam.ready.b37 AV_HG01361#haplotype2#0001322:101872897_102186552$HG02647.verkko_filt_pat.fa:haplotype2_0000857_103738150_104051769_0	0.6614177880211779 Allentofthg19
LugarCanto41.readsadded.indel.softclip.bam.ready.b37 HG03579#2#JAGYVT010000094.1_51581892_51895531_0$HG03098#2#JAHEPL010000003.1_93803759_94117426_0	0.6613377794033357 Allentofthg19
LugarCanto41.readsadded.indel.softclip.bam.ready.b37 AV_HG01361#haplotype2#0001322:101872897_102186552$HG03579#2#JAGYVT010000094.1_51581892_51895531_0	0.6613023271163929 Allentofthg19
LugarCanto41.readsadded.indel.softclip.bam.ready.b37 HG02886#2#JAHAOT010000031.1_87393_401061_0$HG02647.verkko_filt_pat.fa:haplotype2_0000857_103738150_104051769_0	0.6607622932768787 Allentofthg19
LugarCanto41.readsadded.indel.softclip.bam.ready.b37 HG03579#2#JAGYVT010000094.1_51581892_51895531_0$HG02886#2#JAHAOT010000031.1_87393_401061_0	0.6606340322563415 Allentofthg19
LugarCanto41.readsadded.indel.softclip.bam.ready.b37 HG02109#2#JAHEPF010000078.1_16678387_16991144_0$HG03710.verkko_filt_mat.fa:haplotype1_0000029_102593394_102907063_0	0.6602873471654066 Allentofthg19
LugarCanto41.readsadded.indel.softclip.bam.ready.b37 HG00438#2#JAHBCA010000012.1_51513023_51826723_0$HG02647.verkko_filt_pat.fa:haplotype2_0000857_103738150_104051769_0	0.6602748118732922 Allentofthg19
