NEO60.sort.rmdup.realign.md HG02647.verkko_filt_pat.fa:haplotype2_0000857_103738150_104051769_0$HG02293.verkko_filt_mat.fa:haplotype1_0000039_30204405_30517145_1	0.3710747693532769 Allentofthg19
NEO60.sort.rmdup.realign.md HG03579#2#JAGYVT010000094.1_51581892_51895531_0$HG02293.verkko_filt_mat.fa:haplotype1_0000039_30204405_30517145_1	0.3709349353214663 Allentofthg19
NEO60.sort.rmdup.realign.md HG00733#1#JAHEPQ010000019.1_46106835_46420495_0$HG02647.verkko_filt_pat.fa:haplotype2_0000857_103738150_104051769_0	0.3708896032626687 Allentofthg19
NEO60.sort.rmdup.realign.md HG01123#2#JAGYYY010000006.1_51579630_51892388_0$HG02886#2#JAHAOT010000031.1_87393_401061_0	0.3707886692121138 Allentofthg19
NEO60.sort.rmdup.realign.md HG02109#2#JAHEPF010000078.1_16678387_16991144_0$HG00733#1#JAHEPQ010000019.1_46106835_46420495_0	0.3707549959294150 Allentofthg19
NEO60.sort.rmdup.realign.md HG03579#2#JAGYVT010000094.1_51581892_51895531_0$HG00733#1#JAHEPQ010000019.1_46106835_46420495_0	0.3707424791662820 Allentofthg19
NEO60.sort.rmdup.realign.md HG02109#2#JAHEPF010000078.1_16678387_16991144_0$HG02293.verkko_filt_mat.fa:haplotype1_0000039_30204405_30517145_1	0.3706728608392600 Allentofthg19
NEO60.sort.rmdup.realign.md HG00733#1#JAHEPQ010000019.1_46106835_46420495_0$HG01891#1#JAGYVO010000014.1_22855818_23168577_1	0.3706218020318588 Allentofthg19
NEO60.sort.rmdup.realign.md HG01891#1#JAGYVO010000014.1_22855818_23168577_1$HG02293.verkko_filt_mat.fa:haplotype1_0000039_30204405_30517145_1	0.3706118941224834 Allentofthg19
NEO60.sort.rmdup.realign.md HG02886#2#JAHAOT010000031.1_87393_401061_0$HG02293.verkko_filt_mat.fa:haplotype1_0000039_30204405_30517145_1	0.3705215401761990 Allentofthg19
