PL_N45.fernandes_2018_sciRep.hs37d5.filter.rmdup HG03710.verkko_filt_mat.fa:haplotype1_0000029_102593394_102907063_0$HG02647.verkko_filt_pat.fa:haplotype2_0000857_103738150_104051769_0	0.7245930543236743 Allentofthg19
PL_N45.fernandes_2018_sciRep.hs37d5.filter.rmdup HG03579#2#JAGYVT010000094.1_51581892_51895531_0$HG03710.verkko_filt_mat.fa:haplotype1_0000029_102593394_102907063_0	0.7245388611709522 Allentofthg19
PL_N45.fernandes_2018_sciRep.hs37d5.filter.rmdup AV_HG01361#haplotype2#0001322:101872897_102186552$HG02647.verkko_filt_pat.fa:haplotype2_0000857_103738150_104051769_0	0.7244896114527428 Allentofthg19
PL_N45.fernandes_2018_sciRep.hs37d5.filter.rmdup AV_HG01361#haplotype2#0001322:101872897_102186552$HG03579#2#JAGYVT010000094.1_51581892_51895531_0	0.7244354381099612 Allentofthg19
PL_N45.fernandes_2018_sciRep.hs37d5.filter.rmdup HG02886#2#JAHAOT010000031.1_87393_401061_0$HG02647.verkko_filt_pat.fa:haplotype2_0000857_103738150_104051769_0	0.7243921231881285 Allentofthg19
PL_N45.fernandes_2018_sciRep.hs37d5.filter.rmdup HG03579#2#JAGYVT010000094.1_51581892_51895531_0$HG02886#2#JAHAOT010000031.1_87393_401061_0	0.7243238360391713 Allentofthg19
PL_N45.fernandes_2018_sciRep.hs37d5.filter.rmdup HG03098#2#JAHEPL010000003.1_93803759_94117426_0$HG02647.verkko_filt_pat.fa:haplotype2_0000857_103738150_104051769_0	0.7242508636204998 Allentofthg19
PL_N45.fernandes_2018_sciRep.hs37d5.filter.rmdup HG03579#2#JAGYVT010000094.1_51581892_51895531_0$HG03098#2#JAHEPL010000003.1_93803759_94117426_0	0.7241687482241922 Allentofthg19
PL_N45.fernandes_2018_sciRep.hs37d5.filter.rmdup HG00733#1#JAHEPQ010000019.1_46106835_46420495_0$HG02647.verkko_filt_pat.fa:haplotype2_0000857_103738150_104051769_0	0.7238388503888876 Allentofthg19
PL_N45.fernandes_2018_sciRep.hs37d5.filter.rmdup HG03579#2#JAGYVT010000094.1_51581892_51895531_0$HG00733#1#JAHEPQ010000019.1_46106835_46420495_0	0.7237420318880876 Allentofthg19
