RISE109.sort.rmdup.realign.md HG02647.verkko_filt_pat.fa:haplotype2_0000857_103738150_104051769_0$HG02293.verkko_filt_mat.fa:haplotype1_0000039_30204405_30517145_1	0.2202170811242686 Allentofthg19
RISE109.sort.rmdup.realign.md HG03579#2#JAGYVT010000094.1_51581892_51895531_0$HG02293.verkko_filt_mat.fa:haplotype1_0000039_30204405_30517145_1	0.2201699130360976 Allentofthg19
RISE109.sort.rmdup.realign.md HG00733#1#JAHEPQ010000019.1_46106835_46420495_0$HG02647.verkko_filt_pat.fa:haplotype2_0000857_103738150_104051769_0	0.2199774541202526 Allentofthg19
RISE109.sort.rmdup.realign.md HG01123#2#JAGYYY010000006.1_51579630_51892388_0$HG02647.verkko_filt_pat.fa:haplotype2_0000857_103738150_104051769_0	0.2199638021727088 Allentofthg19
RISE109.sort.rmdup.realign.md HG03579#2#JAGYVT010000094.1_51581892_51895531_0$HG00733#1#JAHEPQ010000019.1_46106835_46420495_0	0.2199260064310452 Allentofthg19
RISE109.sort.rmdup.realign.md HG01123#2#JAGYYY010000006.1_51579630_51892388_0$HG03579#2#JAGYVT010000094.1_51581892_51895531_0	0.2199168455981633 Allentofthg19
RISE109.sort.rmdup.realign.md HG03710.verkko_filt_mat.fa:haplotype1_0000029_102593394_102907063_0$HG02647.verkko_filt_pat.fa:haplotype2_0000857_103738150_104051769_0	0.2195558262484999 Allentofthg19
RISE109.sort.rmdup.realign.md HG03579#2#JAGYVT010000094.1_51581892_51895531_0$HG02647.verkko_filt_pat.fa:haplotype2_0000857_103738150_104051769_0	0.2195428316433829 Allentofthg19
RISE109.sort.rmdup.realign.md HG00438#2#JAHBCA010000012.1_51513023_51826723_0$HG02647.verkko_filt_pat.fa:haplotype2_0000857_103738150_104051769_0	0.2195263757113213 Allentofthg19
RISE109.sort.rmdup.realign.md HG03579#2#JAGYVT010000094.1_51581892_51895531_0$HG03710.verkko_filt_mat.fa:haplotype1_0000029_102593394_102907063_0	0.2195174985734450 Allentofthg19
