RISE154.sort.rmdup.realign.md HG02647.verkko_filt_pat.fa:haplotype2_0000857_103738150_104051769_0$HG02293.verkko_filt_mat.fa:haplotype1_0000039_30204405_30517145_1	0.3083999623821055 Allentofthg19
RISE154.sort.rmdup.realign.md HG03579#2#JAGYVT010000094.1_51581892_51895531_0$HG02293.verkko_filt_mat.fa:haplotype1_0000039_30204405_30517145_1	0.3083339064860628 Allentofthg19
RISE154.sort.rmdup.realign.md HG02886#2#JAHAOT010000031.1_87393_401061_0$HG02293.verkko_filt_mat.fa:haplotype1_0000039_30204405_30517145_1	0.3082561980299610 Allentofthg19
RISE154.sort.rmdup.realign.md HG03710.verkko_filt_mat.fa:haplotype1_0000029_102593394_102907063_0$HG02293.verkko_filt_mat.fa:haplotype1_0000039_30204405_30517145_1	0.3078731481267054 Allentofthg19
RISE154.sort.rmdup.realign.md HG02886#2#JAHAOT010000031.1_87393_401061_0$HG02647.verkko_filt_pat.fa:haplotype2_0000857_103738150_104051769_0	0.3078117334133544 Allentofthg19
RISE154.sort.rmdup.realign.md AV_HG01361#haplotype2#0001322:101872897_102186552$HG02293.verkko_filt_mat.fa:haplotype1_0000039_30204405_30517145_1	0.3077987204280428 Allentofthg19
RISE154.sort.rmdup.realign.md HG03579#2#JAGYVT010000094.1_51581892_51895531_0$HG02886#2#JAHAOT010000031.1_87393_401061_0	0.3077519838673186 Allentofthg19
RISE154.sort.rmdup.realign.md HG00733#1#JAHEPQ010000019.1_46106835_46420495_0$HG02647.verkko_filt_pat.fa:haplotype2_0000857_103738150_104051769_0	0.3076200525613224 Allentofthg19
RISE154.sort.rmdup.realign.md HG03710.verkko_filt_mat.fa:haplotype1_0000029_102593394_102907063_0$HG02647.verkko_filt_pat.fa:haplotype2_0000857_103738150_104051769_0	0.3075894994728975 Allentofthg19
RISE154.sort.rmdup.realign.md AV_HG01361#haplotype2#0001322:101872897_102186552$HG02647.verkko_filt_pat.fa:haplotype2_0000857_103738150_104051769_0	0.3075865156439450 Allentofthg19
