WG25chr_MJ$43_merge_remdup_realign_MQ10 HG03710.verkko_filt_mat.fa:haplotype1_0000029_102593394_102907063_0$HG02647.verkko_filt_pat.fa:haplotype2_0000857_103738150_104051769_0	0.4886818846477755 Allentofthg19
WG25chr_MJ$43_merge_remdup_realign_MQ10 HG03579#2#JAGYVT010000094.1_51581892_51895531_0$HG03710.verkko_filt_mat.fa:haplotype1_0000029_102593394_102907063_0	0.4885496720937656 Allentofthg19
WG25chr_MJ$43_merge_remdup_realign_MQ10 HG02886#2#JAHAOT010000031.1_87393_401061_0$HG02647.verkko_filt_pat.fa:haplotype2_0000857_103738150_104051769_0	0.4884961784275729 Allentofthg19
WG25chr_MJ$43_merge_remdup_realign_MQ10 HG03579#2#JAGYVT010000094.1_51581892_51895531_0$HG02886#2#JAHAOT010000031.1_87393_401061_0	0.4883544350362854 Allentofthg19
WG25chr_MJ$43_merge_remdup_realign_MQ10 AV_HG01361#haplotype2#0001322:101872897_102186552$HG02647.verkko_filt_pat.fa:haplotype2_0000857_103738150_104051769_0	0.4880672945379254 Allentofthg19
WG25chr_MJ$43_merge_remdup_realign_MQ10 HG03098#2#JAHEPL010000003.1_93803759_94117426_0$HG02647.verkko_filt_pat.fa:haplotype2_0000857_103738150_104051769_0	0.4879903220047294 Allentofthg19
WG25chr_MJ$43_merge_remdup_realign_MQ10 AV_HG01361#haplotype2#0001322:101872897_102186552$HG03579#2#JAGYVT010000094.1_51581892_51895531_0	0.4879351913798165 Allentofthg19
WG25chr_MJ$43_merge_remdup_realign_MQ10 HG03579#2#JAGYVT010000094.1_51581892_51895531_0$HG03098#2#JAHEPL010000003.1_93803759_94117426_0	0.4878394235557232 Allentofthg19
WG25chr_MJ$43_merge_remdup_realign_MQ10 HG02647.verkko_filt_pat.fa:haplotype2_0000857_103738150_104051769_0$HG02293.verkko_filt_mat.fa:haplotype1_0000039_30204405_30517145_1	0.4877621471627504 Allentofthg19
WG25chr_MJ$43_merge_remdup_realign_MQ10 HG02886#2#JAHAOT010000031.1_87393_401061_0$HG02109#2#JAHEPF010000078.1_16678387_16991144_0	0.4877616838017374 Allentofthg19
