WG25chr_MJ$44_merge_remdup_realign_MQ10 HG03710.verkko_filt_mat.fa:haplotype1_0000029_102593394_102907063_0$HG02647.verkko_filt_pat.fa:haplotype2_0000857_103738150_104051769_0	0.5591407246849931 Allentofthg19
WG25chr_MJ$44_merge_remdup_realign_MQ10 HG03579#2#JAGYVT010000094.1_51581892_51895531_0$HG03710.verkko_filt_mat.fa:haplotype1_0000029_102593394_102907063_0	0.5590771003451297 Allentofthg19
WG25chr_MJ$44_merge_remdup_realign_MQ10 HG02109#2#JAHEPF010000078.1_16678387_16991144_0$HG03710.verkko_filt_mat.fa:haplotype1_0000029_102593394_102907063_0	0.5589761956543422 Allentofthg19
WG25chr_MJ$44_merge_remdup_realign_MQ10 HG02886#2#JAHAOT010000031.1_87393_401061_0$HG02109#2#JAHEPF010000078.1_16678387_16991144_0	0.5586252214522704 Allentofthg19
WG25chr_MJ$44_merge_remdup_realign_MQ10 HG03098#2#JAHEPL010000003.1_93803759_94117426_0$HG02647.verkko_filt_pat.fa:haplotype2_0000857_103738150_104051769_0	0.5585462166203586 Allentofthg19
WG25chr_MJ$44_merge_remdup_realign_MQ10 HG02886#2#JAHAOT010000031.1_87393_401061_0$HG02647.verkko_filt_pat.fa:haplotype2_0000857_103738150_104051769_0	0.5585077282712917 Allentofthg19
WG25chr_MJ$44_merge_remdup_realign_MQ10 HG03579#2#JAGYVT010000094.1_51581892_51895531_0$HG03098#2#JAHEPL010000003.1_93803759_94117426_0	0.5584611269680861 Allentofthg19
WG25chr_MJ$44_merge_remdup_realign_MQ10 HG03579#2#JAGYVT010000094.1_51581892_51895531_0$HG02886#2#JAHAOT010000031.1_87393_401061_0	0.5584333128684965 Allentofthg19
WG25chr_MJ$44_merge_remdup_realign_MQ10 HG01891#1#JAGYVO010000014.1_22855818_23168577_1$HG03710.verkko_filt_mat.fa:haplotype1_0000029_102593394_102907063_0	0.5583580714584377 Allentofthg19
WG25chr_MJ$44_merge_remdup_realign_MQ10 HG03098#2#JAHEPL010000003.1_93803759_94117426_0$HG02109#2#JAHEPF010000078.1_16678387_16991144_0	0.5582627298312929 Allentofthg19
