cluster	n_total	count	proportion
H1^a	6204	640	0.103159252095422
H2A0	6204	179	0.0288523533204384
H2A2B2	6204	103	0.016602192134107
H3^r	6204	2841	0.457930367504836
H3A2	6204	4	0.000644745325596389
H3A3B3	6204	66	0.0106382978723404
H4A2	6204	167	0.0269181173436493
H4A2B2	6204	149	0.0240167633784655
H5	6204	1606	0.25886524822695
H7	6204	449	0.0723726627981947
